{
  "IcoMoonType": "selection",
  "icons": [
    {
      "icon": {
        "paths": [
          "M928 0h-832c-52.8 0-96 43.2-96 96v832c0 52.8 43.2 96 96 96h832c52.8 0 96-43.2 96-96v-832c0-52.8-43.2-96-96-96zM384 768c-141.6 0-256-114.4-256-256s114.4-256 256-256c69.2 0 127 25.2 171.6 67l-69.6 66.8c-19-18.2-52.2-39.4-102-39.4-87.4 0-158.8 72.4-158.8 161.6s71.4 161.6 158.8 161.6c101.4 0 139.4-72.8 145.2-110.4h-145.2v-87.8h241.8c2.2 12.8 4 25.6 4 42.4 0 146.4-98 250.2-245.8 250.2zM896 512h-64v64h-64v-64h-64v-64h64v-64h64v64h64v64z"
        ],
        "tags": [
          "google-plus",
          "brand",
          "social"
        ],
        "defaultCode": 60044,
        "grid": 16,
        "attrs": []
      },
      "attrs": [],
      "properties": {
        "ligatures": "google-plus2, brand6",
        "name": "google-plus2",
        "order": 2,
        "id": 397,
        "prevSize": 32
      },
      "setIdx": 0,
      "setId": 1,
      "iconIdx": 396
    },
    {
      "icon": {
        "paths": [
          "M608 192h160v-192h-160c-123.514 0-224 100.486-224 224v96h-128v192h128v512h192v-512h160l32-192h-192v-96c0-17.346 14.654-32 32-32z"
        ],
        "tags": [
          "facebook",
          "brand",
          "social"
        ],
        "defaultCode": 60048,
        "grid": 16,
        "attrs": []
      },
      "attrs": [],
      "properties": {
        "ligatures": "facebook, brand10",
        "name": "facebook",
        "order": 5,
        "id": 401,
        "prevSize": 32
      },
      "setIdx": 0,
      "setId": 1,
      "iconIdx": 400
    },
    {
      "icon": {
        "paths": [
          "M1024 226.4c-37.6 16.8-78.2 28-120.6 33 43.4-26 76.6-67.2 92.4-116.2-40.6 24-85.6 41.6-133.4 51-38.4-40.8-93-66.2-153.4-66.2-116 0-210 94-210 210 0 16.4 1.8 32.4 5.4 47.8-174.6-8.8-329.4-92.4-433-219.6-18 31-28.4 67.2-28.4 105.6 0 72.8 37 137.2 93.4 174.8-34.4-1-66.8-10.6-95.2-26.2 0 0.8 0 1.8 0 2.6 0 101.8 72.4 186.8 168.6 206-17.6 4.8-36.2 7.4-55.4 7.4-13.6 0-26.6-1.4-39.6-3.8 26.8 83.4 104.4 144.2 196.2 146-72 56.4-162.4 90-261 90-17 0-33.6-1-50.2-3 93.2 59.8 203.6 94.4 322.2 94.4 386.4 0 597.8-320.2 597.8-597.8 0-9.2-0.2-18.2-0.6-27.2 41-29.4 76.6-66.4 104.8-108.6z"
        ],
        "tags": [
          "twitter",
          "brand",
          "tweet",
          "social"
        ],
        "defaultCode": 60054,
        "grid": 16,
        "attrs": []
      },
      "attrs": [],
      "properties": {
        "ligatures": "twitter, brand16",
        "name": "twitter",
        "order": 3,
        "id": 407,
        "prevSize": 32
      },
      "setIdx": 0,
      "setId": 1,
      "iconIdx": 406
    },
    {
      "icon": {
        "paths": [
          "M384 384h177.106v90.782h2.532c24.64-44.194 84.958-90.782 174.842-90.782 186.946 0 221.52 116.376 221.52 267.734v308.266h-184.61v-273.278c0-65.184-1.334-149.026-96.028-149.026-96.148 0-110.82 70.986-110.82 144.292v278.012h-184.542v-576z",
          "M64 384h192v576h-192v-576z",
          "M256 224c0 53.019-42.981 96-96 96s-96-42.981-96-96c0-53.019 42.981-96 96-96s96 42.981 96 96z"
        ],
        "tags": [
          "linkedin",
          "brand",
          "social"
        ],
        "defaultCode": 60106,
        "grid": 16,
        "attrs": []
      },
      "attrs": [],
      "properties": {
        "ligatures": "linkedin2, brand65",
        "name": "linkedin2",
        "order": 7,
        "id": 459,
        "prevSize": 32
      },
      "setIdx": 0,
      "setId": 1,
      "iconIdx": 458
    },
    {
      "icon": {
        "paths": [
          "M512 68.4c-245 0-443.6 198.6-443.6 443.6 0 188 117 348.4 282 413-3.8-35-7.4-89 1.6-127.2 8-34.6 52-220.4 52-220.4s-13.2-26.6-13.2-65.8c0-61.6 35.8-107.8 80.2-107.8 37.8 0 56.2 28.4 56.2 62.4 0 38-24.2 95-36.8 147.6-10.6 44.2 22 80.2 65.6 80.2 78.8 0 139.4-83.2 139.4-203.2 0-106.2-76.4-180.4-185.2-180.4-126.2 0-200.2 94.6-200.2 192.6 0 38.2 14.6 79 33 101.2 3.6 4.4 4.2 8.2 3 12.8-3.4 14-10.8 44.2-12.4 50.4-2 8.2-6.4 9.8-14.8 6-55.4-25.8-90-106.8-90-171.8 0-140 101.6-268.4 293-268.4 153.8 0 273.4 109.6 273.4 256.2 0 152.8-96.4 276-230.2 276-45 0-87.2-23.4-101.6-51 0 0-22.2 84.6-27.6 105.4-10 38.6-37 86.8-55.2 116.2 41.6 12.8 85.6 19.8 131.4 19.8 245 0 443.6-198.6 443.6-443.6 0-245.2-198.6-443.8-443.6-443.8z"
        ],
        "tags": [
          "pinterest",
          "brand",
          "social"
        ],
        "defaultCode": 60113,
        "grid": 16,
        "attrs": []
      },
      "attrs": [],
      "properties": {
        "name": "pinterest",
        "ligatures": "pinterest, brand72",
        "order": 6,
        "id": 466,
        "prevSize": 32
      },
      "setIdx": 0,
      "setId": 1,
      "iconIdx": 465
    }
  ],
  "height": 1024,
  "preferences": {
    "showGlyphs": true,
    "showQuickUse": true,
    "showQuickUse2": true,
    "showSVGs": true,
    "fontPref": {
      "prefix": "icon-",
      "metadata": {
        "fontFamily": "icomoon"
      },
      "metrics": {
        "emSize": 1024,
        "baseline": 6.25,
        "whitespace": 50
      },
      "embed": false
    },
    "imagePref": {
      "prefix": "icon-",
      "png": true,
      "useClassSelector": true,
      "color": 0,
      "bgColor": 16777215,
      "classSelector": ".icon",
      "name": "icomoon"
    },
    "historySize": 50,
    "showCodes": true,
    "gridSize": 16
  }
}